{
	"credit": "Made with Blockbench",
	"texture_size": [32, 32],
	"textures": {
		"3": "ghook:item/grappling_hook"
	},
	"elements": [
		{
			"from": [7, 0, 5],
			"to": [12, 13, 10],
			"faces": {
				"north": {"uv": [0, 0, 2.5, 6.5], "texture": "#3"},
				"east": {"uv": [2.5, 0, 5, 6.5], "texture": "#3"},
				"south": {"uv": [5, 0, 7.5, 6.5], "texture": "#3"},
				"west": {"uv": [0, 6.5, 2.5, 13], "texture": "#3"},
				"up": {"uv": [5, 9, 2.5, 6.5], "texture": "#3"},
				"down": {"uv": [7.5, 6.5, 5, 9], "texture": "#3"}
			}
		},
		{
			"from": [12, 5, 6],
			"to": [14, 12, 9],
			"faces": {
				"north": {"uv": [7.5, 7, 8.5, 10.5], "texture": "#3"},
				"east": {"uv": [7.5, 0, 9, 3.5], "texture": "#3"},
				"south": {"uv": [8.5, 7, 9.5, 10.5], "texture": "#3"},
				"west": {"uv": [7.5, 3.5, 9, 7], "texture": "#3"},
				"up": {"uv": [5, 10.5, 4, 9], "texture": "#3"},
				"down": {"uv": [10, 4.5, 9, 6], "texture": "#3"}
			}
		},
		{
			"from": [9.5, 1, 10],
			"to": [11.5, 3, 11],
			"faces": {
				"north": {"uv": [9, 6, 10, 7], "texture": "#3"},
				"east": {"uv": [11.5, 4.5, 12, 5.5], "texture": "#3"},
				"south": {"uv": [9.5, 7, 10.5, 8], "texture": "#3"},
				"west": {"uv": [11.5, 10.5, 12, 11.5], "texture": "#3"},
				"up": {"uv": [12.5, 12, 11.5, 11.5], "texture": "#3"},
				"down": {"uv": [13, 0, 12, 0.5], "texture": "#3"}
			}
		},
		{
			"from": [9.5, 9, 10],
			"to": [11.5, 11, 11],
			"faces": {
				"north": {"uv": [9.5, 8, 10.5, 9], "texture": "#3"},
				"east": {"uv": [12, 0.5, 12.5, 1.5], "texture": "#3"},
				"south": {"uv": [9.5, 9, 10.5, 10], "texture": "#3"},
				"west": {"uv": [12, 1.5, 12.5, 2.5], "texture": "#3"},
				"up": {"uv": [13, 3, 12, 2.5], "texture": "#3"},
				"down": {"uv": [13, 3, 12, 3.5], "texture": "#3"}
			}
		},
		{
			"from": [11.5, 3, 10],
			"to": [11.5, 9, 11],
			"faces": {
				"north": {"uv": [0, 0, 0, 3], "texture": "#3"},
				"east": {"uv": [5, 9, 5.5, 12], "texture": "#3"},
				"south": {"uv": [0, 0, 0, 3], "texture": "#3"},
				"west": {"uv": [5.5, 9, 6, 12], "texture": "#3"},
				"up": {"uv": [0, 0.5, 0, 0], "texture": "#3"},
				"down": {"uv": [0, 0, 0, 0.5], "texture": "#3"}
			}
		},
		{
			"from": [9.5, 3, 10],
			"to": [9.5, 9, 11],
			"faces": {
				"north": {"uv": [0, 0, 0, 3], "texture": "#3"},
				"east": {"uv": [6, 9, 6.5, 12], "texture": "#3"},
				"south": {"uv": [0, 0, 0, 3], "texture": "#3"},
				"west": {"uv": [6.5, 9, 7, 12], "texture": "#3"},
				"up": {"uv": [0, 0.5, 0, 0], "texture": "#3"},
				"down": {"uv": [0, 0, 0, 0.5], "texture": "#3"}
			}
		},
		{
			"from": [12.4, 3.9, 3.7],
			"to": [13.4, 4.9, 6.7],
			"rotation": {"angle": 45, "axis": "x", "origin": [0, 0, 0]},
			"faces": {
				"north": {"uv": [12, 9, 12.5, 9.5], "texture": "#3"},
				"east": {"uv": [9.5, 11, 11, 11.5], "texture": "#3"},
				"south": {"uv": [12, 9.5, 12.5, 10], "texture": "#3"},
				"west": {"uv": [11, 10, 12.5, 10.5], "texture": "#3"},
				"up": {"uv": [11.5, 12, 11, 10.5], "texture": "#3"},
				"down": {"uv": [12, 0.5, 11.5, 2], "texture": "#3"}
			}
		},
		{
			"from": [12.4, 9.9, 5.7],
			"to": [13.4, 10.9, 6.7],
			"rotation": {"angle": 45, "axis": "x", "origin": [0, 0, 0]},
			"faces": {
				"north": {"uv": [12.5, 1, 13, 1.5], "texture": "#3"},
				"east": {"uv": [12.5, 1.5, 13, 2], "texture": "#3"},
				"south": {"uv": [12.5, 2, 13, 2.5], "texture": "#3"},
				"west": {"uv": [12.5, 3.5, 13, 4], "texture": "#3"},
				"up": {"uv": [4.5, 13, 4, 12.5], "texture": "#3"},
				"down": {"uv": [13, 4, 12.5, 4.5], "texture": "#3"}
			}
		},
		{
			"from": [12.4, 6.9, 4.7],
			"to": [13.4, 9.9, 7.7],
			"rotation": {"angle": 45, "axis": "x", "origin": [0, 0, 0]},
			"faces": {
				"north": {"uv": [11.5, 2, 12, 3.5], "texture": "#3"},
				"east": {"uv": [9, 0, 10.5, 1.5], "texture": "#3"},
				"south": {"uv": [2.5, 11.5, 3, 13], "texture": "#3"},
				"west": {"uv": [9, 1.5, 10.5, 3], "texture": "#3"},
				"up": {"uv": [3.5, 13, 3, 11.5], "texture": "#3"},
				"down": {"uv": [4, 11.5, 3.5, 13], "texture": "#3"}
			}
		},
		{
			"from": [12.4, 5.9, 5.7],
			"to": [13.4, 6.9, 6.7],
			"rotation": {"angle": 45, "axis": "x", "origin": [0, 0, 0]},
			"faces": {
				"north": {"uv": [12, 10.5, 12.5, 11], "texture": "#3"},
				"east": {"uv": [11, 12, 11.5, 12.5], "texture": "#3"},
				"south": {"uv": [12, 11, 12.5, 11.5], "texture": "#3"},
				"west": {"uv": [11.5, 12, 12, 12.5], "texture": "#3"},
				"up": {"uv": [12.5, 12.5, 12, 12], "texture": "#3"},
				"down": {"uv": [13, 0.5, 12.5, 1], "texture": "#3"}
			}
		},
		{
			"from": [12.4, 2.9, 0.7],
			"to": [13.4, 5.9, 3.7],
			"rotation": {"angle": 45, "axis": "x", "origin": [0, 0, 0]},
			"faces": {
				"north": {"uv": [11.5, 8, 12, 9.5], "texture": "#3"},
				"east": {"uv": [2.5, 9, 4, 10.5], "texture": "#3"},
				"south": {"uv": [9.5, 11.5, 10, 13], "texture": "#3"},
				"west": {"uv": [9, 3, 10.5, 4.5], "texture": "#3"},
				"up": {"uv": [10.5, 13, 10, 11.5], "texture": "#3"},
				"down": {"uv": [11, 11.5, 10.5, 13], "texture": "#3"}
			}
		},
		{
			"from": [12.4, 3.9, -0.3],
			"to": [13.4, 4.9, 0.7],
			"rotation": {"angle": 45, "axis": "x", "origin": [0, 0, 0]},
			"faces": {
				"north": {"uv": [4.5, 12.5, 5, 13], "texture": "#3"},
				"east": {"uv": [12.5, 4.5, 13, 5], "texture": "#3"},
				"south": {"uv": [5, 12.5, 5.5, 13], "texture": "#3"},
				"west": {"uv": [12.5, 5, 13, 5.5], "texture": "#3"},
				"up": {"uv": [6, 13, 5.5, 12.5], "texture": "#3"},
				"down": {"uv": [13, 5.5, 12.5, 6], "texture": "#3"}
			}
		},
		{
			"from": [12.4, 6.9, 1.7],
			"to": [13.4, 7.9, 4.7],
			"rotation": {"angle": 45, "axis": "x", "origin": [0, 0, 0]},
			"faces": {
				"north": {"uv": [6.5, 12, 7, 12.5], "texture": "#3"},
				"east": {"uv": [9.5, 10.5, 11, 11], "texture": "#3"},
				"south": {"uv": [7, 12, 7.5, 12.5], "texture": "#3"},
				"west": {"uv": [10.5, 9.5, 12, 10], "texture": "#3"},
				"up": {"uv": [11.5, 2, 11, 0.5], "texture": "#3"},
				"down": {"uv": [11.5, 2, 11, 3.5], "texture": "#3"}
			}
		},
		{
			"from": [12.4, 5.9, 2.7],
			"to": [13.4, 6.9, 5.7],
			"rotation": {"angle": 45, "axis": "x", "origin": [0, 0, 0]},
			"faces": {
				"north": {"uv": [12, 7.5, 12.5, 8], "texture": "#3"},
				"east": {"uv": [2.5, 11, 4, 11.5], "texture": "#3"},
				"south": {"uv": [12, 8, 12.5, 8.5], "texture": "#3"},
				"west": {"uv": [11, 6, 12.5, 6.5], "texture": "#3"},
				"up": {"uv": [8, 12.5, 7.5, 11], "texture": "#3"},
				"down": {"uv": [8.5, 11, 8, 12.5], "texture": "#3"}
			}
		},
		{
			"from": [12.4, 4.9, 3.7],
			"to": [13.4, 5.9, 6.7],
			"rotation": {"angle": 45, "axis": "x", "origin": [0, 0, 0]},
			"faces": {
				"north": {"uv": [12, 8.5, 12.5, 9], "texture": "#3"},
				"east": {"uv": [11, 6.5, 12.5, 7], "texture": "#3"},
				"south": {"uv": [9, 12, 9.5, 12.5], "texture": "#3"},
				"west": {"uv": [11, 7, 12.5, 7.5], "texture": "#3"},
				"up": {"uv": [11.5, 9.5, 11, 8], "texture": "#3"},
				"down": {"uv": [9, 11, 8.5, 12.5], "texture": "#3"}
			}
		},
		{
			"from": [12.4, 11.9, -3.3],
			"to": [13.4, 12.9, -0.3],
			"rotation": {"angle": 45, "axis": "x", "origin": [0, 0, 0]},
			"faces": {
				"north": {"uv": [12, 3.5, 12.5, 4], "texture": "#3"},
				"east": {"uv": [10, 4.5, 11.5, 5], "texture": "#3"},
				"south": {"uv": [4, 12, 4.5, 12.5], "texture": "#3"},
				"west": {"uv": [10, 5, 11.5, 5.5], "texture": "#3"},
				"up": {"uv": [7.5, 10.5, 7, 9], "texture": "#3"},
				"down": {"uv": [10.5, 5.5, 10, 7], "texture": "#3"}
			}
		},
		{
			"from": [12.4, 10.9, -2.3],
			"to": [13.4, 11.9, 0.7],
			"rotation": {"angle": 45, "axis": "x", "origin": [0, 0, 0]},
			"faces": {
				"north": {"uv": [12, 4, 12.5, 4.5], "texture": "#3"},
				"east": {"uv": [9.5, 10, 11, 10.5], "texture": "#3"},
				"south": {"uv": [4.5, 12, 5, 12.5], "texture": "#3"},
				"west": {"uv": [10.5, 0, 12, 0.5], "texture": "#3"},
				"up": {"uv": [11, 2, 10.5, 0.5], "texture": "#3"},
				"down": {"uv": [11, 2, 10.5, 3.5], "texture": "#3"}
			}
		},
		{
			"from": [12.4, 9.9, -1.3],
			"to": [13.4, 10.9, 1.7],
			"rotation": {"angle": 45, "axis": "x", "origin": [0, 0, 0]},
			"faces": {
				"north": {"uv": [12, 4.5, 12.5, 5], "texture": "#3"},
				"east": {"uv": [2.5, 10.5, 4, 11], "texture": "#3"},
				"south": {"uv": [5, 12, 5.5, 12.5], "texture": "#3"},
				"west": {"uv": [10.5, 3.5, 12, 4], "texture": "#3"},
				"up": {"uv": [4.5, 12, 4, 10.5], "texture": "#3"},
				"down": {"uv": [5, 10.5, 4.5, 12], "texture": "#3"}
			}
		},
		{
			"from": [12.4, 8.9, -0.3],
			"to": [13.4, 9.9, 2.7],
			"rotation": {"angle": 45, "axis": "x", "origin": [0, 0, 0]},
			"faces": {
				"north": {"uv": [12, 5, 12.5, 5.5], "texture": "#3"},
				"east": {"uv": [10.5, 4, 12, 4.5], "texture": "#3"},
				"south": {"uv": [5.5, 12, 6, 12.5], "texture": "#3"},
				"west": {"uv": [10.5, 5.5, 12, 6], "texture": "#3"},
				"up": {"uv": [11, 7.5, 10.5, 6], "texture": "#3"},
				"down": {"uv": [7.5, 10.5, 7, 12], "texture": "#3"}
			}
		},
		{
			"from": [12.4, 7.9, 0.7],
			"to": [13.4, 8.9, 3.7],
			"rotation": {"angle": 45, "axis": "x", "origin": [0, 0, 0]},
			"faces": {
				"north": {"uv": [12, 5.5, 12.5, 6], "texture": "#3"},
				"east": {"uv": [7.5, 10.5, 9, 11], "texture": "#3"},
				"south": {"uv": [6, 12, 6.5, 12.5], "texture": "#3"},
				"west": {"uv": [10.5, 7.5, 12, 8], "texture": "#3"},
				"up": {"uv": [11, 9.5, 10.5, 8], "texture": "#3"},
				"down": {"uv": [9.5, 10.5, 9, 12], "texture": "#3"}
			}
		}
	],
	"display": {
		"thirdperson_righthand": {
			"rotation": [90.5, 0, 0],
			"translation": [-1.5, -2.5, 7.5],
			"scale": [1.0918, 1, 1.0625]
		},
		"thirdperson_lefthand": {
			"rotation": [-87, 1, -180],
			"translation": [-1.5, -1.25, 7.5],
			"scale": [1.0918, 1, 1.0625]
		},
		"firstperson_righthand": {
			"rotation": [12.85, 77, 113],
			"translation": [1.5, -3, 2.25]
		},
		"firstperson_lefthand": {
			"rotation": [151.68, -71.71, 27.13],
			"translation": [2.5, -2.75, 1.75]
		},
		"ground": {
			"rotation": [42, 90, 0]
		},
		"gui": {
			"rotation": [42.62, 42.17, 87.31],
			"translation": [-1, -3.25, 0]
		},
		"fixed": {
			"rotation": [-97.86, 48.02, 95.92],
			"translation": [-2, 3.75, 2.25],
			"scale": [2, 2, 2]
		}
	},
	"groups": [
		0,
		1,
		2,
		3,
		4,
		5,
		{
			"name": "group",
			"origin": [8, 8, 8],
			"color": 0,
			"children": [6, 7, 8, 9, 10, 11, 12, 13, 14, 15, 16, 17, 18, 19]
		}
	]
}