{
    "pools": [
      {
        "rolls": 1,
        "entries": [
          {
            "type": "minecraft:item",
            "name": "minecraft:warped_fungus_on_a_stick",
            "functions": [
              {
                "function": "minecraft:set_nbt",
                "tag": "{CustomModelData:130064,ghook:1b,active:1b,needs_recharge:0b}"
              },
              {
                "function": "minecraft:set_name",
                "name": {
                  "text": "Grappling Hook",
                  "italic": false
                }
              }
            ]
          }
        ]
      }
    ]
  }