{
  "parent": "minecraft:block/black_stained_glass",
  "overrides": [
    {
      "predicate": {
        "custom_model_data": 130000
      },
      "model": "ghook:vfx/block_outline"
    },
{"predicate": {"custom_model_data": 130001},"model":"ghook:vfx/rope/0"},
{"predicate": {"custom_model_data": 130002},"model":"ghook:vfx/rope/1"},
{"predicate": {"custom_model_data": 130003},"model":"ghook:vfx/rope/2"},
{"predicate": {"custom_model_data": 130004},"model":"ghook:vfx/rope/3"},
{"predicate": {"custom_model_data": 130005},"model":"ghook:vfx/rope/4"},
{"predicate": {"custom_model_data": 130006},"model":"ghook:vfx/rope/5"},
{"predicate": {"custom_model_data": 130007},"model":"ghook:vfx/rope/6"},
{"predicate": {"custom_model_data": 130008},"model":"ghook:vfx/rope/7"},
{"predicate": {"custom_model_data": 130009},"model":"ghook:vfx/rope/8"},
{"predicate": {"custom_model_data": 130010},"model":"ghook:vfx/rope/9"},
{"predicate": {"custom_model_data": 130011},"model":"ghook:vfx/rope/10"},
{"predicate": {"custom_model_data": 130012},"model":"ghook:vfx/rope/11"},
{"predicate": {"custom_model_data": 130013},"model":"ghook:vfx/rope/12"},
{"predicate": {"custom_model_data": 130014},"model":"ghook:vfx/rope/13"},
{"predicate": {"custom_model_data": 130015},"model":"ghook:vfx/rope/14"},
{"predicate": {"custom_model_data": 130016},"model":"ghook:vfx/rope/15"},
{"predicate": {"custom_model_data": 130017},"model":"ghook:vfx/rope/16"},
{"predicate": {"custom_model_data": 130018},"model":"ghook:vfx/rope/17"},
{"predicate": {"custom_model_data": 130019},"model":"ghook:vfx/rope/18"},
{"predicate": {"custom_model_data": 130020},"model":"ghook:vfx/rope/19"},
{"predicate": {"custom_model_data": 130021},"model":"ghook:vfx/rope/20"},
{"predicate": {"custom_model_data": 130022},"model":"ghook:vfx/rope/21"},
{"predicate": {"custom_model_data": 130023},"model":"ghook:vfx/rope/22"},
{"predicate": {"custom_model_data": 130024},"model":"ghook:vfx/rope/23"},
{"predicate": {"custom_model_data": 130025},"model":"ghook:vfx/rope/24"},
{"predicate": {"custom_model_data": 130026},"model":"ghook:vfx/rope/25"},
{"predicate": {"custom_model_data": 130027},"model":"ghook:vfx/rope/26"},
{"predicate": {"custom_model_data": 130028},"model":"ghook:vfx/rope/27"},
{"predicate": {"custom_model_data": 130029},"model":"ghook:vfx/rope/28"},
{"predicate": {"custom_model_data": 130030},"model":"ghook:vfx/rope/29"},
{"predicate": {"custom_model_data": 130031},"model":"ghook:vfx/rope/30"},
{"predicate": {"custom_model_data": 130032},"model":"ghook:vfx/rope/31"},
{"predicate": {"custom_model_data": 130033},"model":"ghook:vfx/rope/32"},
{"predicate": {"custom_model_data": 130034},"model":"ghook:vfx/rope/33"},
{"predicate": {"custom_model_data": 130035},"model":"ghook:vfx/rope/34"},
{"predicate": {"custom_model_data": 130036},"model":"ghook:vfx/rope/35"},
{"predicate": {"custom_model_data": 130037},"model":"ghook:vfx/rope/36"},
{"predicate": {"custom_model_data": 130038},"model":"ghook:vfx/rope/37"},
{"predicate": {"custom_model_data": 130039},"model":"ghook:vfx/rope/38"},
{"predicate": {"custom_model_data": 130040},"model":"ghook:vfx/rope/39"},
{"predicate": {"custom_model_data": 130041},"model":"ghook:vfx/rope/40"},
{"predicate": {"custom_model_data": 130042},"model":"ghook:vfx/rope/41"},
{"predicate": {"custom_model_data": 130043},"model":"ghook:vfx/rope/42"},
{"predicate": {"custom_model_data": 130044},"model":"ghook:vfx/rope/43"},
{"predicate": {"custom_model_data": 130045},"model":"ghook:vfx/rope/44"},
{"predicate": {"custom_model_data": 130046},"model":"ghook:vfx/rope/45"},
{"predicate": {"custom_model_data": 130047},"model":"ghook:vfx/rope/46"},
{"predicate": {"custom_model_data": 130048},"model":"ghook:vfx/rope/47"},
{"predicate": {"custom_model_data": 130049},"model":"ghook:vfx/rope/48"},
{"predicate": {"custom_model_data": 130050},"model":"ghook:vfx/rope/49"},
{"predicate": {"custom_model_data": 130051},"model":"ghook:vfx/rope/50"},
{"predicate": {"custom_model_data": 130052},"model":"ghook:vfx/rope/51"},
{"predicate": {"custom_model_data": 130053},"model":"ghook:vfx/rope/52"},
{"predicate": {"custom_model_data": 130054},"model":"ghook:vfx/rope/53"},
{"predicate": {"custom_model_data": 130055},"model":"ghook:vfx/rope/54"},
{"predicate": {"custom_model_data": 130056},"model":"ghook:vfx/rope/55"},
{"predicate": {"custom_model_data": 130057},"model":"ghook:vfx/rope/56"},
{"predicate": {"custom_model_data": 130058},"model":"ghook:vfx/rope/57"},
{"predicate": {"custom_model_data": 130059},"model":"ghook:vfx/rope/58"},
{"predicate": {"custom_model_data": 130060},"model":"ghook:vfx/rope/59"},
{"predicate": {"custom_model_data": 130061},"model":"ghook:vfx/rope/60"},
{"predicate": {"custom_model_data": 130062},"model":"ghook:vfx/rope/61"},
{"predicate": {"custom_model_data": 130063},"model":"ghook:vfx/rope/62"},
{"predicate": {"custom_model_data": 130064},"model":"ghook:vfx/rope/63"},
{"predicate": {"custom_model_data": 130065},"model":"ghook:vfx/rope/64"},
{"predicate": {"custom_model_data": 130066},"model":"ghook:vfx/rope/micro_1"},
{"predicate": {"custom_model_data": 130067},"model":"ghook:vfx/rope/micro_2"},
{"predicate": {"custom_model_data": 130068},"model":"ghook:vfx/rope/micro_3"},
{"predicate": {"custom_model_data": 130069},"model":"ghook:vfx/rope/micro_4"},
{"predicate": {"custom_model_data": 130070},"model":"ghook:vfx/rope/micro_5"},
{"predicate": {"custom_model_data": 130071},"model":"ghook:vfx/rope/micro_6"},
{"predicate": {"custom_model_data": 130072},"model":"ghook:vfx/rope/micro_7"},
{"predicate": {"custom_model_data": 130073},"model":"ghook:vfx/rope/micro_8"},
{"predicate": {"custom_model_data": 130074},"model":"ghook:vfx/rope/micro_9"},
{"predicate": {"custom_model_data": 130075},"model":"ghook:vfx/rope/micro_10"},
{"predicate": {"custom_model_data": 130076},"model":"ghook:vfx/rope/micro_11"},
{"predicate": {"custom_model_data": 130077},"model":"ghook:vfx/rope/micro_12"},
{"predicate": {"custom_model_data": 130078},"model":"ghook:vfx/rope/micro_13"},
{"predicate": {"custom_model_data": 130079},"model":"ghook:vfx/rope/micro_14"},
{"predicate": {"custom_model_data": 130080},"model":"ghook:vfx/rope/micro_15"}
  ]
}