{
    "condition": "minecraft:entity_scores",
    "entity": "this",
    "scores": {
      "saddle.id": {
        "min": {
          "type": "minecraft:score",
          "target": {
            "type": "minecraft:fixed",
            "name": "$temp"
          },
          "score": "saddle.id"
        },
        "max": {
          "type": "minecraft:score",
          "target": {
            "type": "minecraft:fixed",
            "name": "$temp"
          },
          "score": "saddle.id"
        }
      }
    }
  }