{
	"credit": "Made with Blockbench",
	"texture_size": [16, 256],
	"textures": {
		"0": "ghook:vfx/rope",
		"particle": "ghook:vfx/rope"
	},
	"elements": [
		{
			"from": [7.96875, 8, 7.96875],
			"to": [8.03125, 10, 8.03125],
			"faces": {
				"north": {"uv": [0, 0, 1, 8], "texture": "#0"},
				"east": {"uv": [0, 0, 1, 8], "texture": "#0"},
				"south": {"uv": [0, 0, 1, 8], "texture": "#0"},
				"west": {"uv": [0, 0, 1, 8], "texture": "#0"},
				"up": {"uv": [0, 0, 1, 0.0625], "texture": "#0"},
				"down": {"uv": [0, 0, 1, 0.0625], "texture": "#0"}
			}
		}
	],
	"display": {
		"head": {
			"rotation": [-90, 0, 0],
			"scale": [1, 4, 1]
		}
	}
}