{
    "type": "minecraft:crafting_shaped",
    "pattern": [
        " /i",
        "/L/",
        "R/ "
    ],
    "key": {
        "/": {
            "item": "minecraft:stick"
        },
        "i": {
            "item": "minecraft:iron_ingot"
        },
        "L": {
            "item": "minecraft:lead"
        },
        "R": {
            "item": "minecraft:redstone"
        }
    },
    "result": {
        "item": "minecraft:knowledge_book",
        "count": 1
    }
}