{
    "pools": [
      {
        "rolls": 1,
        "entries": [
          {
            "type": "minecraft:item",
            "name": "minecraft:arrow",
            "functions": [
              {
                "function": "minecraft:set_nbt",
                "tag": "{ghook_temp_arrow:1b}"
              },
              {
                "function": "minecraft:copy_nbt",
                "source": {
                  "type": "minecraft:storage",
                  "source": "ghook:storage"
                },
                "ops": [
                  {
                    "source": "temp_item",
                    "target": "ghook_item_data",
                    "op": "replace"
                  }
                ]
              }
            ]
          }
        ]
      }
    ]
  }