{
    "values":[
        "redstone_wire",

        "beetroots",
        "nether_wart",

        "lever",
        "tripwire_hook",
        "tripwire",

        "lily_pad",
        "wheat",
        "sugar_cane",
        "sweet_berry_bush",

        "#wall_signs",
        "#buttons",
        "#rails",
        "#pressure_plates",

        "#mrcd:standing_sign_like",
        "#mrcd:attached_melon_stem_like",
        "#mrcd:melon_stem_like",
        "#mrcd:wall_torches",
        "#mrcd:torches",
        "#mrcd:grass_like",
        "#mrcd:sapling_like",
        "#mrcd:wall_banner_like",
        "#mrcd:carrots_like",
        "#mrcd:vine_like",

        "red_mushroom",
        "brown_mushroom",
        "#small_flowers",
        "#tall_flowers",
        "bamboo_sapling",

        "tall_grass",
        "large_fern",
        "bubble_column",
        "end_gateway",
        "kelp_plant",
        "lava",
        "water",
        "nether_portal",

        "#mrcd:player_can_pass/1_13",
        {"id": "#mrcd:player_can_pass/1_16", "required": false},
        {"id": "#mrcd:player_can_pass/1_17", "required": false},
        {"id": "#mrcd:player_can_pass/1_19", "required": false}
    ]
}