{
	"credit": "Made with Blockbench",
	"texture_size": [16, 1024],
	"textures": {
		"0": "ghook:vfx/rope",
		"particle": "ghook:vfx/rope"
	},
	"elements": [
		{
			"from": [7.9921875, 8, 7.9921875],
			"to": [8.0078125, 11.125, 8.0078125],
			"faces": {
				"north": {"uv": [0, 0, 1, 12.5], "rotation": 180, "texture": "#0"},
				"east": {"uv": [0, 0, 1, 12.5], "rotation": 180, "texture": "#0"},
				"south": {"uv": [0, 0, 1, 12.5], "rotation": 180, "texture": "#0"},
				"west": {"uv": [0, 0, 1, 12.5], "rotation": 180, "texture": "#0"},
				"up": {"uv": [0, 0, 1, 0.015625], "texture": "#0"},
				"down": {"uv": [0, 0, 1, 0.015625], "texture": "#0"}
			}
		}
	],
	"display": {
		"head": {
			"rotation": [-90, 0, 0],
			"scale": [1, 4, 1]
		}
	}
}
