{
    "criteria": {
      "requirement": {
        "trigger": "minecraft:inventory_changed",
        "conditions": {
          "player": [
            {
              "condition": "minecraft:inverted",
              "term": {
                "condition": "minecraft:entity_properties",
                "entity": "this",
                "predicate": {
                  "nbt": "{Tags:[\"ghook.riding\"]}"
                }
              }
            }
          ],
          "items": [
            {
              "items": [
                "minecraft:crossbow"
              ],
              "nbt": "{ghook:1b,Charged:1b}"
            }
          ]
        }
      }
    },
    "rewards": {
      "function": "ghook:item/restore_all_loaded"
    }
  }
  