{
    "criteria": {
      "requirement": {
        "trigger": "minecraft:entity_hurt_player",
        "conditions": {
          "player": [
            {
              "condition": "minecraft:entity_properties",
              "entity": "this",
              "predicate": {
                "nbt": "{Tags:[\"ghook.riding\"]}"
              }
            }
          ],
          "damage": {
            "source_entity": {
              "type": "minecraft:player"
            }
          }
        }
      }
    },
    "rewards": {
      "function": "ghook:swing/attached_mode/swatted"
    }
  }